80:00:0b:55:1c:7f [ether] on eth0,,,,,80:00:0b:55:1c:7f [ether] on eth0
48:50:73:b8:26:78 [ether] on eth0,,,,,48:50:73:b8:26:78 [ether] on eth0
<incomplete> on eth0,,,,,<incomplete> on eth0
<incomplete> on eth0,,,,,58:a2:b5:9e:62:7b [ether] on eth0
<incomplete> on eth0,,,,,a0:82:1f:a6:8a:65 [ether] on eth0
80:00:0b:55:1c:7f [ether] on eth0,,,,,60:be:b5:5e:90:18 [ether] on eth0
58:a2:b5:9e:62:7b [ether] on eth0,,,,,80:01:84:5e:5e:31 [ether] on eth0
a0:82:1f:a6:8a:65 [ether] on eth0,,,,,5c:51:88:92:9c:fb [ether] on eth0
48:50:73:b8:26:78 [ether] on eth0,,,,,d8:3c:69:4e:97:b5 [ether] on eth0
<incomplete> on eth0,,,,,10:d5:42:6b:d4:ad [ether] on eth0
<incomplete> on eth0,,,,,68:a0:f6:e9:ba:86 [ether] on eth0
<incomplete> on eth0,,,,,80:60:07:d5:ae:40 [ether] on eth0
<incomplete> on eth0,,,,,74:5c:9f:ae:cc:25 [ether] on eth0
58:a2:b5:9e:62:7b [ether] on eth0,,,,,f8:a9:d0:8d:9a:6e [ether] on eth0
a0:82:1f:a6:8a:65 [ether] on eth0,,,,,b8:f9:34:89:1d:87 [ether] on eth0
48:50:73:b8:26:78 [ether] on eth0,,,,,98:52:b1:d7:c2:c0 [ether] on eth0
<incomplete> on eth0,,,,,68:a0:f6:f4:0b:47 [ether] on eth0
60:be:b5:5e:90:18 [ether] on eth0,,,,,0c:df:a4:32:ec:51 [ether] on eth0
<incomplete> on eth0,,,,,f0:1c:13:0d:17:d2 [ether] on eth0
<incomplete> on eth0,,,,,dc:3e:f8:f3:87:30 [ether] on eth0
<incomplete> on eth0,,,,,f0:72:8c:07:75:be [ether] on eth0
<incomplete> on eth0,,,,,20:a9:9b:57:b1:60 [ether] on eth0
48:50:73:b8:26:78 [ether] on eth0,,,,,b0:45:19:0b:39:ee [ether] on eth0
<incomplete> on eth0,,,,,34:bb:26:29:ca:de [ether] on eth0
80:01:84:5e:5e:31 [ether] on eth0,,,,,3c:43:8e:fe:7b:34 [ether] on eth0
60:be:b5:5e:90:18 [ether] on eth0,,,,,34:fc:ef:bd:f4:9f [ether] on eth0
<incomplete> on eth0,,,,,bc:44:86:fa:67:7c [ether] on eth0
<incomplete> on eth0,,,,,c4:43:8f:e3:9c:37 [ether] on eth0
<incomplete> on eth0,,,,,f8:e0:79:b9:63:4d [ether] on eth0
<incomplete> on eth0,,,,,f8:0c:f3:94:ec:74 [ether] on eth0
<incomplete> on eth0,,,,,80:6c:1b:13:c8:93 [ether] on eth0
<incomplete> on eth0,,,,,c8:a8:23:b5:92:6c [ether] on eth0
<incomplete> on eth0,,,,,40:b0:fa:b8:02:2f [ether] on eth0
<incomplete> on eth0,,,,,64:89:9a:19:07:07 [ether] on eth0
<incomplete> on eth0,,,,,f0:25:b7:42:7b:6a [ether] on eth0
<incomplete> on eth0,,,,,40:ba:61:a3:7d:60 [ether] on eth0
<incomplete> on eth0,,,,,3c:a1:0d:fd:6d:84 [ether] on eth0
<incomplete> on eth0,,,,,08:ec:a9:4d:40:4c [ether] on eth0
<incomplete> on eth0,,,,,0c:bd:51:3b:22:29 [ether] on eth0
58:a2:b5:9e:62:7b [ether] on eth0,,,,,9c:a9:e4:dc:e1:ec [ether] on eth0
<incomplete> on eth0,,,,,58:3f:54:e8:98:0f [ether] on eth0
<incomplete> on eth0,,,,,24:4b:81:48:ea:4a [ether] on eth0
<incomplete> on eth0,,,,,dc:9f:a4:03:ad:22 [ether] on eth0
58:a2:b5:9e:62:7b [ether] on eth0,,,,,40:b0:fa:d7:d2:40 [ether] on eth0
<incomplete> on eth0,,,,,ec:1f:72:c4:03:11 [ether] on eth0
<incomplete> on eth0,,,,,80:6c:1b:f3:17:33 [ether] on eth0
<incomplete> on eth0,,,,,c4:9a:02:18:c0:89 [ether] on eth0
5c:51:88:92:9c:fb [ether] on eth0,,,,,58:1f:aa:ca:67:7e [ether] on eth0
<incomplete> on eth0,,,,,40:b0:fa:89:5c:9f [ether] on eth0
<incomplete> on eth0,,,,,f8:7b:7a:c4:a5:c4 [ether] on eth0
5c:51:88:92:9c:fb [ether] on eth0,,,,,cc:c3:ea:46:ae:8c [ether] on eth0
d8:3c:69:4e:97:b5 [ether] on eth0,,,,,
5c:51:88:92:9c:fb [ether] on eth0,,,,,
d8:3c:69:4e:97:b5 [ether] on eth0,,,,,
<incomplete> on eth0,,,,,
<incomplete> on eth0,,,,,
<incomplete> on eth0,,,,,
10:d5:42:6b:d4:ad [ether] on eth0,,,,,
d8:3c:69:4e:97:b5 [ether] on eth0,,,,,
<incomplete> on eth0,,,,,
<incomplete> on eth0,,,,,
<incomplete> on eth0,,,,,
<incomplete> on eth0,,,,,
<incomplete> on eth0,,,,,
d8:3c:69:4e:97:b5 [ether] on eth0,,,,,
68:a0:f6:e9:ba:86 [ether] on eth0,,,,,
5c:51:88:92:9c:fb [ether] on eth0,,,,,
<incomplete> on eth0,,,,,
<incomplete> on eth0,,,,,
<incomplete> on eth0,,,,,
<incomplete> on eth0,,,,,
<incomplete> on eth0,,,,,
<incomplete> on eth0,,,,,
<incomplete> on eth0,,,,,
<incomplete> on eth0,,,,,
<incomplete> on eth0,,,,,
<incomplete> on eth0,,,,,
<incomplete> on eth0,,,,,
<incomplete> on eth0,,,,,
<incomplete> on eth0,,,,,
<incomplete> on eth0,,,,,
<incomplete> on eth0,,,,,
<incomplete> on eth0,,,,,
<incomplete> on eth0,,,,,
<incomplete> on eth0,,,,,
80:60:07:d5:ae:40 [ether] on eth0,,,,,
60:be:b5:5e:90:18 [ether] on eth0,,,,,
<incomplete> on eth0,,,,,
80:60:07:d5:ae:40 [ether] on eth0,,,,,
48:50:73:b8:26:78 [ether] on eth0,,,,,
74:5c:9f:ae:cc:25 [ether] on eth0,,,,,
80:01:84:5e:5e:31 [ether] on eth0,,,,,
60:be:b5:5e:90:18 [ether] on eth0,,,,,
80:60:07:d5:ae:40 [ether] on eth0,,,,,
48:50:73:b8:26:78 [ether] on eth0,,,,,
74:5c:9f:ae:cc:25 [ether] on eth0,,,,,
80:01:84:5e:5e:31 [ether] on eth0,,,,,
60:be:b5:5e:90:18 [ether] on eth0,,,,,
<incomplete> on eth0,,,,,
48:50:73:b8:26:78 [ether] on eth0,,,,,
<incomplete> on eth0,,,,,
<incomplete> on eth0,,,,,
<incomplete> on eth0,,,,,
80:60:07:d5:ae:40 [ether] on eth0,,,,,
48:50:73:b8:26:78 [ether] on eth0,,,,,
<incomplete> on eth0,,,,,
<incomplete> on eth0,,,,,
<incomplete> on eth0,,,,,
<incomplete> on eth0,,,,,
48:50:73:b8:26:78 [ether] on eth0,,,,,
<incomplete> on eth0,,,,,
<incomplete> on eth0,,,,,
<incomplete> on eth0,,,,,
<incomplete> on eth0,,,,,
<incomplete> on eth0,,,,,
f8:a9:d0:8d:9a:6e [ether] on eth0,,,,,
<incomplete> on eth0,,,,,
f8:a9:d0:8d:9a:6e [ether] on eth0,,,,,
80:60:07:d5:ae:40 [ether] on eth0,,,,,
b8:f9:34:89:1d:87 [ether] on eth0,,,,,
98:52:b1:d7:c2:c0 [ether] on eth0,,,,,
<incomplete> on eth0,,,,,
f8:a9:d0:8d:9a:6e [ether] on eth0,,,,,
80:60:07:d5:ae:40 [ether] on eth0,,,,,
<incomplete> on eth0,,,,,
68:a0:f6:f4:0b:47 [ether] on eth0,,,,,
f8:a9:d0:8d:9a:6e [ether] on eth0,,,,,
80:60:07:d5:ae:40 [ether] on eth0,,,,,
<incomplete> on eth0,,,,,
<incomplete> on eth0,,,,,
68:a0:f6:f4:0b:47 [ether] on eth0,,,,,
f8:a9:d0:8d:9a:6e [ether] on eth0,,,,,
80:60:07:d5:ae:40 [ether] on eth0,,,,,
<incomplete> on eth0,,,,,
<incomplete> on eth0,,,,,
f8:a9:d0:8d:9a:6e [ether] on eth0,,,,,
80:60:07:d5:ae:40 [ether] on eth0,,,,,
<incomplete> on eth0,,,,,
f8:a9:d0:8d:9a:6e [ether] on eth0,,,,,
<incomplete> on eth0,,,,,
80:60:07:d5:ae:40 [ether] on eth0,,,,,
<incomplete> on eth0,,,,,
<incomplete> on eth0,,,,,
f8:a9:d0:8d:9a:6e [ether] on eth0,,,,,
0c:df:a4:32:ec:51 [ether] on eth0,,,,,
<incomplete> on eth0,,,,,
<incomplete> on eth0,,,,,
<incomplete> on eth0,,,,,
f0:1c:13:0d:17:d2 [ether] on eth0,,,,,
<incomplete> on eth0,,,,,
f8:a9:d0:8d:9a:6e [ether] on eth0,,,,,
0c:df:a4:32:ec:51 [ether] on eth0,,,,,
<incomplete> on eth0,,,,,
f0:1c:13:0d:17:d2 [ether] on eth0,,,,,
<incomplete> on eth0,,,,,
f8:a9:d0:8d:9a:6e [ether] on eth0,,,,,
0c:df:a4:32:ec:51 [ether] on eth0,,,,,
<incomplete> on eth0,,,,,
dc:3e:f8:f3:87:30 [ether] on eth0,,,,,
f8:a9:d0:8d:9a:6e [ether] on eth0,,,,,
0c:df:a4:32:ec:51 [ether] on eth0,,,,,
<incomplete> on eth0,,,,,
dc:3e:f8:f3:87:30 [ether] on eth0,,,,,
<incomplete> on eth0,,,,,
<incomplete> on eth0,,,,,
0c:df:a4:32:ec:51 [ether] on eth0,,,,,
dc:3e:f8:f3:87:30 [ether] on eth0,,,,,
<incomplete> on eth0,,,,,
<incomplete> on eth0,,,,,
<incomplete> on eth0,,,,,
<incomplete> on eth0,,,,,
<incomplete> on eth0,,,,,
<incomplete> on eth0,,,,,
<incomplete> on eth0,,,,,
f0:72:8c:07:75:be [ether] on eth0,,,,,
<incomplete> on eth0,,,,,
20:a9:9b:57:b1:60 [ether] on eth0,,,,,
<incomplete> on eth0,,,,,
20:a9:9b:57:b1:60 [ether] on eth0,,,,,
<incomplete> on eth0,,,,,
b0:45:19:0b:39:ee [ether] on eth0,,,,,
80:60:07:d5:ae:40 [ether] on eth0,,,,,
80:60:07:d5:ae:40 [ether] on eth0,,,,,
b8:f9:34:89:1d:87 [ether] on eth0,,,,,
<incomplete> on eth0,,,,,
80:60:07:d5:ae:40 [ether] on eth0,,,,,
b8:f9:34:89:1d:87 [ether] on eth0,,,,,
<incomplete> on eth0,,,,,
80:60:07:d5:ae:40 [ether] on eth0,,,,,
b8:f9:34:89:1d:87 [ether] on eth0,,,,,
<incomplete> on eth0,,,,,
80:60:07:d5:ae:40 [ether] on eth0,,,,,
b8:f9:34:89:1d:87 [ether] on eth0,,,,,
<incomplete> on eth0,,,,,
80:60:07:d5:ae:40 [ether] on eth0,,,,,
b8:f9:34:89:1d:87 [ether] on eth0,,,,,
<incomplete> on eth0,,,,,
80:60:07:d5:ae:40 [ether] on eth0,,,,,
b8:f9:34:89:1d:87 [ether] on eth0,,,,,
80:60:07:d5:ae:40 [ether] on eth0,,,,,
<incomplete> on eth0,,,,,
b8:f9:34:89:1d:87 [ether] on eth0,,,,,
f0:1c:13:0d:17:d2 [ether] on eth0,,,,,
34:bb:26:29:ca:de [ether] on eth0,,,,,
<incomplete> on eth0,,,,,
b8:f9:34:89:1d:87 [ether] on eth0,,,,,
f0:1c:13:0d:17:d2 [ether] on eth0,,,,,
34:bb:26:29:ca:de [ether] on eth0,,,,,
<incomplete> on eth0,,,,,
f0:1c:13:0d:17:d2 [ether] on eth0,,,,,
3c:43:8e:fe:7b:34 [ether] on eth0,,,,,
34:bb:26:29:ca:de [ether] on eth0,,,,,
<incomplete> on eth0,,,,,
<incomplete> on eth0,,,,,
f0:1c:13:0d:17:d2 [ether] on eth0,,,,,
<incomplete> on eth0,,,,,
<incomplete> on eth0,,,,,
<incomplete> on eth0,,,,,
f0:1c:13:0d:17:d2 [ether] on eth0,,,,,
34:fc:ef:bd:f4:9f [ether] on eth0,,,,,
3c:43:8e:fe:7b:34 [ether] on eth0,,,,,
<incomplete> on eth0,,,,,
<incomplete> on eth0,,,,,
<incomplete> on eth0,,,,,
<incomplete> on eth0,,,,,
f0:1c:13:0d:17:d2 [ether] on eth0,,,,,
34:fc:ef:bd:f4:9f [ether] on eth0,,,,,
3c:43:8e:fe:7b:34 [ether] on eth0,,,,,
<incomplete> on eth0,,,,,
<incomplete> on eth0,,,,,
<incomplete> on eth0,,,,,
f0:1c:13:0d:17:d2 [ether] on eth0,,,,,
34:fc:ef:bd:f4:9f [ether] on eth0,,,,,
3c:43:8e:fe:7b:34 [ether] on eth0,,,,,
<incomplete> on eth0,,,,,
<incomplete> on eth0,,,,,
f0:1c:13:0d:17:d2 [ether] on eth0,,,,,
34:fc:ef:bd:f4:9f [ether] on eth0,,,,,
3c:43:8e:fe:7b:34 [ether] on eth0,,,,,
<incomplete> on eth0,,,,,
<incomplete> on eth0,,,,,
<incomplete> on eth0,,,,,
<incomplete> on eth0,,,,,
3c:43:8e:fe:7b:34 [ether] on eth0,,,,,
<incomplete> on eth0,,,,,
<incomplete> on eth0,,,,,
f0:1c:13:0d:17:d2 [ether] on eth0,,,,,
<incomplete> on eth0,,,,,
3c:43:8e:fe:7b:34 [ether] on eth0,,,,,
<incomplete> on eth0,,,,,
<incomplete> on eth0,,,,,
<incomplete> on eth0,,,,,
dc:3e:f8:f3:87:30 [ether] on eth0,,,,,
<incomplete> on eth0,,,,,
<incomplete> on eth0,,,,,
<incomplete> on eth0,,,,,
<incomplete> on eth0,,,,,
dc:3e:f8:f3:87:30 [ether] on eth0,,,,,
<incomplete> on eth0,,,,,
<incomplete> on eth0,,,,,
3c:43:8e:fe:7b:34 [ether] on eth0,,,,,
<incomplete> on eth0,,,,,
<incomplete> on eth0,,,,,
3c:43:8e:fe:7b:34 [ether] on eth0,,,,,
68:a0:f6:f4:0b:47 [ether] on eth0,,,,,
dc:3e:f8:f3:87:30 [ether] on eth0,,,,,
<incomplete> on eth0,,,,,
34:fc:ef:bd:f4:9f [ether] on eth0,,,,,
3c:43:8e:fe:7b:34 [ether] on eth0,,,,,
dc:3e:f8:f3:87:30 [ether] on eth0,,,,,
<incomplete> on eth0,,,,,
3c:43:8e:fe:7b:34 [ether] on eth0,,,,,
68:a0:f6:f4:0b:47 [ether] on eth0,,,,,
<incomplete> on eth0,,,,,
<incomplete> on eth0,,,,,
<incomplete> on eth0,,,,,
<incomplete> on eth0,,,,,
<incomplete> on eth0,,,,,
<incomplete> on eth0,,,,,
<incomplete> on eth0,,,,,
<incomplete> on eth0,,,,,
<incomplete> on eth0,,,,,
<incomplete> on eth0,,,,,
<incomplete> on eth0,,,,,
68:a0:f6:f4:0b:47 [ether] on eth0,,,,,
34:bb:26:29:ca:de [ether] on eth0,,,,,
80:60:07:d5:ae:40 [ether] on eth0,,,,,
<incomplete> on eth0,,,,,
<incomplete> on eth0,,,,,
<incomplete> on eth0,,,,,
<incomplete> on eth0,,,,,
80:60:07:d5:ae:40 [ether] on eth0,,,,,
bc:44:86:fa:67:7c [ether] on eth0,,,,,
<incomplete> on eth0,,,,,
<incomplete> on eth0,,,,,
<incomplete> on eth0,,,,,
<incomplete> on eth0,,,,,
80:60:07:d5:ae:40 [ether] on eth0,,,,,
bc:44:86:fa:67:7c [ether] on eth0,,,,,
<incomplete> on eth0,,,,,
<incomplete> on eth0,,,,,
bc:44:86:fa:67:7c [ether] on eth0,,,,,
3c:43:8e:fe:7b:34 [ether] on eth0,,,,,
<incomplete> on eth0,,,,,
bc:44:86:fa:67:7c [ether] on eth0,,,,,
c4:43:8f:e3:9c:37 [ether] on eth0,,,,,
f8:e0:79:b9:63:4d [ether] on eth0,,,,,
3c:43:8e:fe:7b:34 [ether] on eth0,,,,,
<incomplete> on eth0,,,,,
<incomplete> on eth0,,,,,
bc:44:86:fa:67:7c [ether] on eth0,,,,,
c4:43:8f:e3:9c:37 [ether] on eth0,,,,,
f8:0c:f3:94:ec:74 [ether] on eth0,,,,,
f8:e0:79:b9:63:4d [ether] on eth0,,,,,
f0:1c:13:0d:17:d2 [ether] on eth0,,,,,
3c:43:8e:fe:7b:34 [ether] on eth0,,,,,
80:6c:1b:13:c8:93 [ether] on eth0,,,,,
bc:44:86:fa:67:7c [ether] on eth0,,,,,
c4:43:8f:e3:9c:37 [ether] on eth0,,,,,
<incomplete> on eth0,,,,,
f0:1c:13:0d:17:d2 [ether] on eth0,,,,,
3c:43:8e:fe:7b:34 [ether] on eth0,,,,,
<incomplete> on eth0,,,,,
bc:44:86:fa:67:7c [ether] on eth0,,,,,
<incomplete> on eth0,,,,,
<incomplete> on eth0,,,,,
dc:3e:f8:f3:87:30 [ether] on eth0,,,,,
<incomplete> on eth0,,,,,
f8:e0:79:b9:63:4d [ether] on eth0,,,,,
f0:1c:13:0d:17:d2 [ether] on eth0,,,,,
3c:43:8e:fe:7b:34 [ether] on eth0,,,,,
68:a0:f6:f4:0b:47 [ether] on eth0,,,,,
<incomplete> on eth0,,,,,
<incomplete> on eth0,,,,,
<incomplete> on eth0,,,,,
<incomplete> on eth0,,,,,
<incomplete> on eth0,,,,,
f8:e0:79:b9:63:4d [ether] on eth0,,,,,
f0:1c:13:0d:17:d2 [ether] on eth0,,,,,
3c:43:8e:fe:7b:34 [ether] on eth0,,,,,
68:a0:f6:f4:0b:47 [ether] on eth0,,,,,
<incomplete> on eth0,,,,,
34:bb:26:29:ca:de [ether] on eth0,,,,,
<incomplete> on eth0,,,,,
<incomplete> on eth0,,,,,
<incomplete> on eth0,,,,,
dc:3e:f8:f3:87:30 [ether] on eth0,,,,,
f8:e0:79:b9:63:4d [ether] on eth0,,,,,
f0:1c:13:0d:17:d2 [ether] on eth0,,,,,
3c:43:8e:fe:7b:34 [ether] on eth0,,,,,
<incomplete> on eth0,,,,,
<incomplete> on eth0,,,,,
34:bb:26:29:ca:de [ether] on eth0,,,,,
<incomplete> on eth0,,,,,
dc:3e:f8:f3:87:30 [ether] on eth0,,,,,
f8:e0:79:b9:63:4d [ether] on eth0,,,,,
<incomplete> on eth0,,,,,
3c:43:8e:fe:7b:34 [ether] on eth0,,,,,
<incomplete> on eth0,,,,,
34:bb:26:29:ca:de [ether] on eth0,,,,,
<incomplete> on eth0,,,,,
f8:e0:79:b9:63:4d [ether] on eth0,,,,,
<incomplete> on eth0,,,,,
3c:43:8e:fe:7b:34 [ether] on eth0,,,,,
<incomplete> on eth0,,,,,
0c:df:a4:32:ec:51 [ether] on eth0,,,,,
34:bb:26:29:ca:de [ether] on eth0,,,,,
dc:3e:f8:f3:87:30 [ether] on eth0,,,,,
f8:e0:79:b9:63:4d [ether] on eth0,,,,,
<incomplete> on eth0,,,,,
<incomplete> on eth0,,,,,
<incomplete> on eth0,,,,,
<incomplete> on eth0,,,,,
dc:3e:f8:f3:87:30 [ether] on eth0,,,,,
<incomplete> on eth0,,,,,
<incomplete> on eth0,,,,,
<incomplete> on eth0,,,,,
<incomplete> on eth0,,,,,
<incomplete> on eth0,,,,,
<incomplete> on eth0,,,,,
<incomplete> on eth0,,,,,
<incomplete> on eth0,,,,,
<incomplete> on eth0,,,,,
<incomplete> on eth0,,,,,
<incomplete> on eth0,,,,,
<incomplete> on eth0,,,,,
<incomplete> on eth0,,,,,
<incomplete> on eth0,,,,,
<incomplete> on eth0,,,,,
<incomplete> on eth0,,,,,
bc:44:86:fa:67:7c [ether] on eth0,,,,,
c4:43:8f:e3:9c:37 [ether] on eth0,,,,,
<incomplete> on eth0,,,,,
<incomplete> on eth0,,,,,
c4:43:8f:e3:9c:37 [ether] on eth0,,,,,
3c:43:8e:fe:7b:34 [ether] on eth0,,,,,
<incomplete> on eth0,,,,,
c8:a8:23:b5:92:6c [ether] on eth0,,,,,
bc:44:86:fa:67:7c [ether] on eth0,,,,,
c4:43:8f:e3:9c:37 [ether] on eth0,,,,,
<incomplete> on eth0,,,,,
<incomplete> on eth0,,,,,
c4:43:8f:e3:9c:37 [ether] on eth0,,,,,
3c:43:8e:fe:7b:34 [ether] on eth0,,,,,
80:60:07:d5:ae:40 [ether] on eth0,,,,,
c8:a8:23:b5:92:6c [ether] on eth0,,,,,
bc:44:86:fa:67:7c [ether] on eth0,,,,,
c4:43:8f:e3:9c:37 [ether] on eth0,,,,,
dc:3e:f8:f3:87:30 [ether] on eth0,,,,,
74:5c:9f:ae:cc:25 [ether] on eth0,,,,,
b8:f9:34:89:1d:87 [ether] on eth0,,,,,
3c:43:8e:fe:7b:34 [ether] on eth0,,,,,
80:60:07:d5:ae:40 [ether] on eth0,,,,,
<incomplete> on eth0,,,,,
bc:44:86:fa:67:7c [ether] on eth0,,,,,
c4:43:8f:e3:9c:37 [ether] on eth0,,,,,
dc:3e:f8:f3:87:30 [ether] on eth0,,,,,
<incomplete> on eth0,,,,,
f8:e0:79:b9:63:4d [ether] on eth0,,,,,
c4:43:8f:e3:9c:37 [ether] on eth0,,,,,
b8:f9:34:89:1d:87 [ether] on eth0,,,,,
3c:43:8e:fe:7b:34 [ether] on eth0,,,,,
40:b0:fa:b8:02:2f [ether] on eth0,,,,,
80:60:07:d5:ae:40 [ether] on eth0,,,,,
<incomplete> on eth0,,,,,
bc:44:86:fa:67:7c [ether] on eth0,,,,,
c4:43:8f:e3:9c:37 [ether] on eth0,,,,,
dc:3e:f8:f3:87:30 [ether] on eth0,,,,,
<incomplete> on eth0,,,,,
f8:e0:79:b9:63:4d [ether] on eth0,,,,,
<incomplete> on eth0,,,,,
b8:f9:34:89:1d:87 [ether] on eth0,,,,,
64:89:9a:19:07:07 [ether] on eth0,,,,,
3c:43:8e:fe:7b:34 [ether] on eth0,,,,,
b8:f9:34:89:1d:87 [ether] on eth0,,,,,
40:b0:fa:b8:02:2f [ether] on eth0,,,,,
f0:25:b7:42:7b:6a [ether] on eth0,,,,,
f8:e0:79:b9:63:4d [ether] on eth0,,,,,
3c:43:8e:fe:7b:34 [ether] on eth0,,,,,
64:89:9a:19:07:07 [ether] on eth0,,,,,
dc:3e:f8:f3:87:30 [ether] on eth0,,,,,
c4:43:8f:e3:9c:37 [ether] on eth0,,,,,
80:60:07:d5:ae:40 [ether] on eth0,,,,,
c4:43:8f:e3:9c:37 [ether] on eth0,,,,,
bc:44:86:fa:67:7c [ether] on eth0,,,,,
40:ba:61:a3:7d:60 [ether] on eth0,,,,,
b8:f9:34:89:1d:87 [ether] on eth0,,,,,
3c:a1:0d:fd:6d:84 [ether] on eth0,,,,,
<incomplete> on eth0,,,,,
40:b0:fa:b8:02:2f [ether] on eth0,,,,,
f8:0c:f3:94:ec:74 [ether] on eth0,,,,,
f0:25:b7:42:7b:6a [ether] on eth0,,,,,
f8:e0:79:b9:63:4d [ether] on eth0,,,,,
3c:43:8e:fe:7b:34 [ether] on eth0,,,,,
64:89:9a:19:07:07 [ether] on eth0,,,,,
dc:3e:f8:f3:87:30 [ether] on eth0,,,,,
c4:43:8f:e3:9c:37 [ether] on eth0,,,,,
80:60:07:d5:ae:40 [ether] on eth0,,,,,
c4:43:8f:e3:9c:37 [ether] on eth0,,,,,
bc:44:86:fa:67:7c [ether] on eth0,,,,,
40:ba:61:a3:7d:60 [ether] on eth0,,,,,
b8:f9:34:89:1d:87 [ether] on eth0,,,,,
3c:a1:0d:fd:6d:84 [ether] on eth0,,,,,
40:b0:fa:b8:02:2f [ether] on eth0,,,,,
f8:0c:f3:94:ec:74 [ether] on eth0,,,,,
f0:25:b7:42:7b:6a [ether] on eth0,,,,,
f8:e0:79:b9:63:4d [ether] on eth0,,,,,
3c:43:8e:fe:7b:34 [ether] on eth0,,,,,
64:89:9a:19:07:07 [ether] on eth0,,,,,
dc:3e:f8:f3:87:30 [ether] on eth0,,,,,
c4:43:8f:e3:9c:37 [ether] on eth0,,,,,
80:60:07:d5:ae:40 [ether] on eth0,,,,,
f8:a9:d0:8d:9a:6e [ether] on eth0,,,,,
c4:43:8f:e3:9c:37 [ether] on eth0,,,,,
bc:44:86:fa:67:7c [ether] on eth0,,,,,
40:ba:61:a3:7d:60 [ether] on eth0,,,,,
b8:f9:34:89:1d:87 [ether] on eth0,,,,,
3c:a1:0d:fd:6d:84 [ether] on eth0,,,,,
40:b0:fa:b8:02:2f [ether] on eth0,,,,,
f8:0c:f3:94:ec:74 [ether] on eth0,,,,,
f0:25:b7:42:7b:6a [ether] on eth0,,,,,
f8:e0:79:b9:63:4d [ether] on eth0,,,,,
3c:43:8e:fe:7b:34 [ether] on eth0,,,,,
64:89:9a:19:07:07 [ether] on eth0,,,,,
dc:3e:f8:f3:87:30 [ether] on eth0,,,,,
c4:43:8f:e3:9c:37 [ether] on eth0,,,,,
34:bb:26:29:ca:de [ether] on eth0,,,,,
80:60:07:d5:ae:40 [ether] on eth0,,,,,
f8:a9:d0:8d:9a:6e [ether] on eth0,,,,,
c4:43:8f:e3:9c:37 [ether] on eth0,,,,,
bc:44:86:fa:67:7c [ether] on eth0,,,,,
40:ba:61:a3:7d:60 [ether] on eth0,,,,,
b8:f9:34:89:1d:87 [ether] on eth0,,,,,
3c:a1:0d:fd:6d:84 [ether] on eth0,,,,,
08:ec:a9:4d:40:4c [ether] on eth0,,,,,
40:b0:fa:b8:02:2f [ether] on eth0,,,,,
f8:0c:f3:94:ec:74 [ether] on eth0,,,,,
<incomplete> on eth0,,,,,
f8:e0:79:b9:63:4d [ether] on eth0,,,,,
3c:43:8e:fe:7b:34 [ether] on eth0,,,,,
<incomplete> on eth0,,,,,
dc:3e:f8:f3:87:30 [ether] on eth0,,,,,
c4:43:8f:e3:9c:37 [ether] on eth0,,,,,
80:60:07:d5:ae:40 [ether] on eth0,,,,,
f8:a9:d0:8d:9a:6e [ether] on eth0,,,,,
c4:43:8f:e3:9c:37 [ether] on eth0,,,,,
bc:44:86:fa:67:7c [ether] on eth0,,,,,
40:ba:61:a3:7d:60 [ether] on eth0,,,,,
<incomplete> on eth0,,,,,
b8:f9:34:89:1d:87 [ether] on eth0,,,,,
<incomplete> on eth0,,,,,
08:ec:a9:4d:40:4c [ether] on eth0,,,,,
40:b0:fa:b8:02:2f [ether] on eth0,,,,,
f8:0c:f3:94:ec:74 [ether] on eth0,,,,,
f0:25:b7:42:7b:6a [ether] on eth0,,,,,
f8:e0:79:b9:63:4d [ether] on eth0,,,,,
3c:43:8e:fe:7b:34 [ether] on eth0,,,,,
<incomplete> on eth0,,,,,
dc:3e:f8:f3:87:30 [ether] on eth0,,,,,
c4:43:8f:e3:9c:37 [ether] on eth0,,,,,
80:60:07:d5:ae:40 [ether] on eth0,,,,,
f8:a9:d0:8d:9a:6e [ether] on eth0,,,,,
c4:43:8f:e3:9c:37 [ether] on eth0,,,,,
bc:44:86:fa:67:7c [ether] on eth0,,,,,
40:ba:61:a3:7d:60 [ether] on eth0,,,,,
f0:72:8c:07:75:be [ether] on eth0,,,,,
b8:f9:34:89:1d:87 [ether] on eth0,,,,,
<incomplete> on eth0,,,,,
08:ec:a9:4d:40:4c [ether] on eth0,,,,,
40:b0:fa:b8:02:2f [ether] on eth0,,,,,
f8:0c:f3:94:ec:74 [ether] on eth0,,,,,
f0:25:b7:42:7b:6a [ether] on eth0,,,,,
f8:e0:79:b9:63:4d [ether] on eth0,,,,,
3c:43:8e:fe:7b:34 [ether] on eth0,,,,,
<incomplete> on eth0,,,,,
dc:3e:f8:f3:87:30 [ether] on eth0,,,,,
c4:43:8f:e3:9c:37 [ether] on eth0,,,,,
0c:bd:51:3b:22:29 [ether] on eth0,,,,,
<incomplete> on eth0,,,,,
f8:a9:d0:8d:9a:6e [ether] on eth0,,,,,
c4:43:8f:e3:9c:37 [ether] on eth0,,,,,
bc:44:86:fa:67:7c [ether] on eth0,,,,,
40:ba:61:a3:7d:60 [ether] on eth0,,,,,
<incomplete> on eth0,,,,,
b8:f9:34:89:1d:87 [ether] on eth0,,,,,
08:ec:a9:4d:40:4c [ether] on eth0,,,,,
40:b0:fa:b8:02:2f [ether] on eth0,,,,,
f0:25:b7:42:7b:6a [ether] on eth0,,,,,
f8:e0:79:b9:63:4d [ether] on eth0,,,,,
<incomplete> on eth0,,,,,
<incomplete> on eth0,,,,,
dc:3e:f8:f3:87:30 [ether] on eth0,,,,,
c4:43:8f:e3:9c:37 [ether] on eth0,,,,,
<incomplete> on eth0,,,,,
80:60:07:d5:ae:40 [ether] on eth0,,,,,
f8:a9:d0:8d:9a:6e [ether] on eth0,,,,,
c4:43:8f:e3:9c:37 [ether] on eth0,,,,,
bc:44:86:fa:67:7c [ether] on eth0,,,,,
40:ba:61:a3:7d:60 [ether] on eth0,,,,,
<incomplete> on eth0,,,,,
b8:f9:34:89:1d:87 [ether] on eth0,,,,,
80:6c:1b:13:c8:93 [ether] on eth0,,,,,
08:ec:a9:4d:40:4c [ether] on eth0,,,,,
40:b0:fa:b8:02:2f [ether] on eth0,,,,,
f0:25:b7:42:7b:6a [ether] on eth0,,,,,
f8:e0:79:b9:63:4d [ether] on eth0,,,,,
3c:43:8e:fe:7b:34 [ether] on eth0,,,,,
74:5c:9f:ae:cc:25 [ether] on eth0,,,,,
dc:3e:f8:f3:87:30 [ether] on eth0,,,,,
c4:43:8f:e3:9c:37 [ether] on eth0,,,,,
<incomplete> on eth0,,,,,
<incomplete> on eth0,,,,,
f8:a9:d0:8d:9a:6e [ether] on eth0,,,,,
c4:43:8f:e3:9c:37 [ether] on eth0,,,,,
<incomplete> on eth0,,,,,
40:ba:61:a3:7d:60 [ether] on eth0,,,,,
<incomplete> on eth0,,,,,
9c:a9:e4:dc:e1:ec [ether] on eth0,,,,,
b8:f9:34:89:1d:87 [ether] on eth0,,,,,
<incomplete> on eth0,,,,,
08:ec:a9:4d:40:4c [ether] on eth0,,,,,
<incomplete> on eth0,,,,,
<incomplete> on eth0,,,,,
f8:e0:79:b9:63:4d [ether] on eth0,,,,,
3c:43:8e:fe:7b:34 [ether] on eth0,,,,,
<incomplete> on eth0,,,,,
dc:3e:f8:f3:87:30 [ether] on eth0,,,,,
c4:43:8f:e3:9c:37 [ether] on eth0,,,,,
<incomplete> on eth0,,,,,
<incomplete> on eth0,,,,,
f8:a9:d0:8d:9a:6e [ether] on eth0,,,,,
c4:43:8f:e3:9c:37 [ether] on eth0,,,,,
bc:44:86:fa:67:7c [ether] on eth0,,,,,
40:ba:61:a3:7d:60 [ether] on eth0,,,,,
<incomplete> on eth0,,,,,
9c:a9:e4:dc:e1:ec [ether] on eth0,,,,,
b8:f9:34:89:1d:87 [ether] on eth0,,,,,
08:ec:a9:4d:40:4c [ether] on eth0,,,,,
<incomplete> on eth0,,,,,
<incomplete> on eth0,,,,,
<incomplete> on eth0,,,,,
f8:e0:79:b9:63:4d [ether] on eth0,,,,,
<incomplete> on eth0,,,,,
<incomplete> on eth0,,,,,
<incomplete> on eth0,,,,,
dc:3e:f8:f3:87:30 [ether] on eth0,,,,,
<incomplete> on eth0,,,,,
<incomplete> on eth0,,,,,
34:bb:26:29:ca:de [ether] on eth0,,,,,
f8:a9:d0:8d:9a:6e [ether] on eth0,,,,,
c4:43:8f:e3:9c:37 [ether] on eth0,,,,,
<incomplete> on eth0,,,,,
40:ba:61:a3:7d:60 [ether] on eth0,,,,,
<incomplete> on eth0,,,,,
9c:a9:e4:dc:e1:ec [ether] on eth0,,,,,
b8:f9:34:89:1d:87 [ether] on eth0,,,,,
08:ec:a9:4d:40:4c [ether] on eth0,,,,,
<incomplete> on eth0,,,,,
f0:25:b7:42:7b:6a [ether] on eth0,,,,,
f8:e0:79:b9:63:4d [ether] on eth0,,,,,
<incomplete> on eth0,,,,,
<incomplete> on eth0,,,,,
<incomplete> on eth0,,,,,
dc:3e:f8:f3:87:30 [ether] on eth0,,,,,
<incomplete> on eth0,,,,,
34:bb:26:29:ca:de [ether] on eth0,,,,,
f8:a9:d0:8d:9a:6e [ether] on eth0,,,,,
c4:43:8f:e3:9c:37 [ether] on eth0,,,,,
<incomplete> on eth0,,,,,
40:ba:61:a3:7d:60 [ether] on eth0,,,,,
<incomplete> on eth0,,,,,
<incomplete> on eth0,,,,,
<incomplete> on eth0,,,,,
<incomplete> on eth0,,,,,
f0:25:b7:42:7b:6a [ether] on eth0,,,,,
<incomplete> on eth0,,,,,
<incomplete> on eth0,,,,,
dc:3e:f8:f3:87:30 [ether] on eth0,,,,,
<incomplete> on eth0,,,,,
<incomplete> on eth0,,,,,
<incomplete> on eth0,,,,,
<incomplete> on eth0,,,,,
<incomplete> on eth0,,,,,
<incomplete> on eth0,,,,,
<incomplete> on eth0,,,,,
<incomplete> on eth0,,,,,
<incomplete> on eth0,,,,,
<incomplete> on eth0,,,,,
<incomplete> on eth0,,,,,
<incomplete> on eth0,,,,,
<incomplete> on eth0,,,,,
<incomplete> on eth0,,,,,
<incomplete> on eth0,,,,,
<incomplete> on eth0,,,,,
<incomplete> on eth0,,,,,
<incomplete> on eth0,,,,,
<incomplete> on eth0,,,,,
<incomplete> on eth0,,,,,
<incomplete> on eth0,,,,,
<incomplete> on eth0,,,,,
<incomplete> on eth0,,,,,
<incomplete> on eth0,,,,,
<incomplete> on eth0,,,,,
58:3f:54:e8:98:0f [ether] on eth0,,,,,
<incomplete> on eth0,,,,,
<incomplete> on eth0,,,,,
<incomplete> on eth0,,,,,
<incomplete> on eth0,,,,,
<incomplete> on eth0,,,,,
<incomplete> on eth0,,,,,
<incomplete> on eth0,,,,,
<incomplete> on eth0,,,,,
24:4b:81:48:ea:4a [ether] on eth0,,,,,
<incomplete> on eth0,,,,,
<incomplete> on eth0,,,,,
dc:9f:a4:03:ad:22 [ether] on eth0,,,,,
<incomplete> on eth0,,,,,
dc:9f:a4:03:ad:22 [ether] on eth0,,,,,
<incomplete> on eth0,,,,,
<incomplete> on eth0,,,,,
<incomplete> on eth0,,,,,
40:b0:fa:d7:d2:40 [ether] on eth0,,,,,
40:b0:fa:d7:d2:40 [ether] on eth0,,,,,
<incomplete> on eth0,,,,,
<incomplete> on eth0,,,,,
ec:1f:72:c4:03:11 [ether] on eth0,,,,,
<incomplete> on eth0,,,,,
ec:1f:72:c4:03:11 [ether] on eth0,,,,,
<incomplete> on eth0,,,,,
<incomplete> on eth0,,,,,
<incomplete> on eth0,,,,,
80:6c:1b:f3:17:33 [ether] on eth0,,,,,
c4:9a:02:18:c0:89 [ether] on eth0,,,,,
<incomplete> on eth0,,,,,
ec:1f:72:c4:03:11 [ether] on eth0,,,,,
c4:9a:02:18:c0:89 [ether] on eth0,,,,,
<incomplete> on eth0,,,,,
<incomplete> on eth0,,,,,
58:1f:aa:ca:67:7e [ether] on eth0,,,,,
<incomplete> on eth0,,,,,
<incomplete> on eth0,,,,,
<incomplete> on eth0,,,,,
<incomplete> on eth0,,,,,
<incomplete> on eth0,,,,,
<incomplete> on eth0,,,,,
<incomplete> on eth0,,,,,
<incomplete> on eth0,,,,,
<incomplete> on eth0,,,,,
<incomplete> on eth0,,,,,
<incomplete> on eth0,,,,,
<incomplete> on eth0,,,,,
<incomplete> on eth0,,,,,
<incomplete> on eth0,,,,,
<incomplete> on eth0,,,,,
40:b0:fa:89:5c:9f [ether] on eth0,,,,,
<incomplete> on eth0,,,,,
<incomplete> on eth0,,,,,
<incomplete> on eth0,,,,,
<incomplete> on eth0,,,,,
<incomplete> on eth0,,,,,
<incomplete> on eth0,,,,,
f8:7b:7a:c4:a5:c4 [ether] on eth0,,,,,
<incomplete> on eth0,,,,,
cc:c3:ea:46:ae:8c [ether] on eth0,,,,,
cc:c3:ea:46:ae:8c [ether] on eth0,,,,,
<incomplete> on eth0,,,,,
<incomplete> on eth0,,,,,
