? (192.168.1.130) at <incomplete> on eth0,<incomplete> on eth0,<incomplete> on eth0
? (192.168.1.130) at 90:00:db:28:b1:4b [ether] on eth0,90:00:db:28:b1:4b [ether] on eth0,90:00:db:28:b1:4b [ether] on eth0
? (192.168.1.124) at bc:f5:ac:fb:b6:86 [ether] on eth0,bc:f5:ac:fb:b6:86 [ether] on eth0,bc:f5:ac:fb:b6:86 [ether] on eth0
? (192.168.1.100) at bc:f5:ac:fb:b6:86 [ether] on eth0,bc:f5:ac:fb:b6:86 [ether] on eth0,48:50:73:b8:26:78 [ether] on eth0
? (192.168.1.130) at 90:00:db:28:b1:4b [ether] on eth0,90:00:db:28:b1:4b [ether] on eth0,50:9f:27:d4:95:ed [ether] on eth0
? (192.168.1.101) at <incomplete> on eth0,<incomplete> on eth0,c0:ce:cd:1f:9c:62 [ether] on eth0
? (192.168.1.100) at bc:f5:ac:fb:b6:86 [ether] on eth0,bc:f5:ac:fb:b6:86 [ether] on eth0,c8:a8:23:b5:92:6c [ether] on eth0
? (192.168.1.130) at 90:00:db:28:b1:4b [ether] on eth0,90:00:db:28:b1:4b [ether] on eth0,f0:25:b7:42:7b:6a [ether] on eth0
? (192.168.1.101) at <incomplete> on eth0,<incomplete> on eth0,9c:a9:e4:b9:a2:e6 [ether] on eth0
? (192.168.1.100) at bc:f5:ac:fb:b6:86 [ether] on eth0,bc:f5:ac:fb:b6:86 [ether] on eth0,cc:29:f5:58:4f:e5 [ether] on eth0
? (192.168.1.102) at 48:50:73:b8:26:78 [ether] on eth0,48:50:73:b8:26:78 [ether] on eth0,80:22:75:0b:82:f3 [ether] on eth0
? (192.168.1.130) at 90:00:db:28:b1:4b [ether] on eth0,90:00:db:28:b1:4b [ether] on eth0,80:22:75:42:0e:49 [ether] on eth0
? (192.168.1.104) at <incomplete> on eth0,<incomplete> on eth0,c4:9a:02:18:c0:89 [ether] on eth0
? (192.168.1.100) at bc:f5:ac:fb:b6:86 [ether] on eth0,bc:f5:ac:fb:b6:86 [ether] on eth0,58:a2:b5:9e:62:7b [ether] on eth0
? (192.168.1.102) at 48:50:73:b8:26:78 [ether] on eth0,48:50:73:b8:26:78 [ether] on eth0,9c:a9:e4:ed:06:7e [ether] on eth0
? (192.168.1.103) at <incomplete> on eth0,<incomplete> on eth0,
? (192.168.1.130) at 90:00:db:28:b1:4b [ether] on eth0,90:00:db:28:b1:4b [ether] on eth0,
? (192.168.1.104) at <incomplete> on eth0,<incomplete> on eth0,
? (192.168.1.100) at bc:f5:ac:fb:b6:86 [ether] on eth0,bc:f5:ac:fb:b6:86 [ether] on eth0,
? (192.168.1.112) at <incomplete> on eth0,<incomplete> on eth0,
? (192.168.1.103) at <incomplete> on eth0,<incomplete> on eth0,
? (192.168.1.130) at 90:00:db:28:b1:4b [ether] on eth0,90:00:db:28:b1:4b [ether] on eth0,
? (192.168.1.112) at <incomplete> on eth0,<incomplete> on eth0,
? (192.168.1.130) at 90:00:db:28:b1:4b [ether] on eth0,90:00:db:28:b1:4b [ether] on eth0,
? (192.168.1.112) at <incomplete> on eth0,<incomplete> on eth0,
? (192.168.1.130) at 90:00:db:28:b1:4b [ether] on eth0,90:00:db:28:b1:4b [ether] on eth0,
? (192.168.1.130) at 90:00:db:28:b1:4b [ether] on eth0,90:00:db:28:b1:4b [ether] on eth0,
? (192.168.1.130) at 90:00:db:28:b1:4b [ether] on eth0,90:00:db:28:b1:4b [ether] on eth0,
? (192.168.1.130) at 90:00:db:28:b1:4b [ether] on eth0,90:00:db:28:b1:4b [ether] on eth0,
? (192.168.1.130) at 90:00:db:28:b1:4b [ether] on eth0,90:00:db:28:b1:4b [ether] on eth0,
? (192.168.1.130) at 90:00:db:28:b1:4b [ether] on eth0,90:00:db:28:b1:4b [ether] on eth0,
? (192.168.1.130) at 90:00:db:28:b1:4b [ether] on eth0,90:00:db:28:b1:4b [ether] on eth0,
? (192.168.1.130) at 90:00:db:28:b1:4b [ether] on eth0,90:00:db:28:b1:4b [ether] on eth0,
? (192.168.1.130) at 90:00:db:28:b1:4b [ether] on eth0,90:00:db:28:b1:4b [ether] on eth0,
? (192.168.1.130) at <incomplete> on eth0,<incomplete> on eth0,
? (192.168.1.130) at <incomplete> on eth0,<incomplete> on eth0,
? (192.168.1.130) at <incomplete> on eth0,<incomplete> on eth0,
? (192.168.1.130) at <incomplete> on eth0,<incomplete> on eth0,
? (192.168.1.130) at <incomplete> on eth0,<incomplete> on eth0,
? (192.168.1.130) at <incomplete> on eth0,<incomplete> on eth0,
? (192.168.1.130) at <incomplete> on eth0,<incomplete> on eth0,
? (192.168.1.130) at <incomplete> on eth0,<incomplete> on eth0,
? (192.168.1.130) at <incomplete> on eth0,<incomplete> on eth0,
? (192.168.1.130) at <incomplete> on eth0,<incomplete> on eth0,
? (192.168.1.130) at <incomplete> on eth0,<incomplete> on eth0,
? (192.168.1.130) at <incomplete> on eth0,<incomplete> on eth0,
? (192.168.1.130) at <incomplete> on eth0,<incomplete> on eth0,
? (192.168.1.130) at <incomplete> on eth0,<incomplete> on eth0,
? (192.168.1.130) at <incomplete> on eth0,<incomplete> on eth0,
? (192.168.1.130) at <incomplete> on eth0,<incomplete> on eth0,
? (192.168.1.130) at <incomplete> on eth0,<incomplete> on eth0,
? (192.168.1.130) at <incomplete> on eth0,<incomplete> on eth0,
? (192.168.1.130) at <incomplete> on eth0,<incomplete> on eth0,
? (192.168.1.130) at <incomplete> on eth0,<incomplete> on eth0,
? (192.168.1.130) at <incomplete> on eth0,<incomplete> on eth0,
? (192.168.1.130) at <incomplete> on eth0,<incomplete> on eth0,
? (192.168.1.130) at <incomplete> on eth0,<incomplete> on eth0,
? (192.168.1.130) at <incomplete> on eth0,<incomplete> on eth0,
? (192.168.1.130) at 90:00:db:28:b1:4b [ether] on eth0,90:00:db:28:b1:4b [ether] on eth0,
? (192.168.1.102) at 48:50:73:b8:26:78 [ether] on eth0,48:50:73:b8:26:78 [ether] on eth0,
? (192.168.1.130) at 90:00:db:28:b1:4b [ether] on eth0,90:00:db:28:b1:4b [ether] on eth0,
? (192.168.1.102) at 48:50:73:b8:26:78 [ether] on eth0,48:50:73:b8:26:78 [ether] on eth0,
? (192.168.1.130) at 90:00:db:28:b1:4b [ether] on eth0,90:00:db:28:b1:4b [ether] on eth0,
? (192.168.1.102) at <incomplete> on eth0,<incomplete> on eth0,
? (192.168.1.130) at 90:00:db:28:b1:4b [ether] on eth0,90:00:db:28:b1:4b [ether] on eth0,
? (192.168.1.102) at <incomplete> on eth0,<incomplete> on eth0,
? (192.168.1.105) at 50:9f:27:d4:95:ed [ether] on eth0,50:9f:27:d4:95:ed [ether] on eth0,
? (192.168.1.130) at 90:00:db:28:b1:4b [ether] on eth0,90:00:db:28:b1:4b [ether] on eth0,
? (192.168.1.105) at <incomplete> on eth0,<incomplete> on eth0,
? (192.168.1.130) at 90:00:db:28:b1:4b [ether] on eth0,90:00:db:28:b1:4b [ether] on eth0,
? (192.168.1.106) at c0:ce:cd:1f:9c:62 [ether] on eth0,c0:ce:cd:1f:9c:62 [ether] on eth0,
? (192.168.1.105) at <incomplete> on eth0,<incomplete> on eth0,
? (192.168.1.130) at 90:00:db:28:b1:4b [ether] on eth0,90:00:db:28:b1:4b [ether] on eth0,
? (192.168.1.106) at c0:ce:cd:1f:9c:62 [ether] on eth0,c0:ce:cd:1f:9c:62 [ether] on eth0,
? (192.168.1.130) at 90:00:db:28:b1:4b [ether] on eth0,90:00:db:28:b1:4b [ether] on eth0,
? (192.168.1.106) at c0:ce:cd:1f:9c:62 [ether] on eth0,c0:ce:cd:1f:9c:62 [ether] on eth0,
? (192.168.1.130) at 90:00:db:28:b1:4b [ether] on eth0,90:00:db:28:b1:4b [ether] on eth0,
? (192.168.1.106) at c0:ce:cd:1f:9c:62 [ether] on eth0,c0:ce:cd:1f:9c:62 [ether] on eth0,
? (192.168.1.130) at 90:00:db:28:b1:4b [ether] on eth0,90:00:db:28:b1:4b [ether] on eth0,
? (192.168.1.106) at c0:ce:cd:1f:9c:62 [ether] on eth0,c0:ce:cd:1f:9c:62 [ether] on eth0,
? (192.168.1.130) at 90:00:db:28:b1:4b [ether] on eth0,90:00:db:28:b1:4b [ether] on eth0,
? (192.168.1.106) at c0:ce:cd:1f:9c:62 [ether] on eth0,c0:ce:cd:1f:9c:62 [ether] on eth0,
? (192.168.1.130) at 90:00:db:28:b1:4b [ether] on eth0,90:00:db:28:b1:4b [ether] on eth0,
? (192.168.1.106) at c0:ce:cd:1f:9c:62 [ether] on eth0,c0:ce:cd:1f:9c:62 [ether] on eth0,
? (192.168.1.130) at 90:00:db:28:b1:4b [ether] on eth0,90:00:db:28:b1:4b [ether] on eth0,
? (192.168.1.106) at c0:ce:cd:1f:9c:62 [ether] on eth0,c0:ce:cd:1f:9c:62 [ether] on eth0,
? (192.168.1.130) at 90:00:db:28:b1:4b [ether] on eth0,90:00:db:28:b1:4b [ether] on eth0,
? (192.168.1.130) at 90:00:db:28:b1:4b [ether] on eth0,90:00:db:28:b1:4b [ether] on eth0,
? (192.168.1.130) at 90:00:db:28:b1:4b [ether] on eth0,90:00:db:28:b1:4b [ether] on eth0,
? (192.168.1.130) at 90:00:db:28:b1:4b [ether] on eth0,90:00:db:28:b1:4b [ether] on eth0,
? (192.168.1.130) at <incomplete> on eth0,<incomplete> on eth0,
? (192.168.1.130) at <incomplete> on eth0,<incomplete> on eth0,
? (192.168.1.130) at 90:00:db:28:b1:4b [ether] on eth0,90:00:db:28:b1:4b [ether] on eth0,
? (192.168.1.130) at 90:00:db:28:b1:4b [ether] on eth0,90:00:db:28:b1:4b [ether] on eth0,
? (192.168.1.130) at <incomplete> on eth0,<incomplete> on eth0,
? (192.168.1.130) at <incomplete> on eth0,<incomplete> on eth0,
? (192.168.1.130) at <incomplete> on eth0,<incomplete> on eth0,
? (192.168.1.130) at <incomplete> on eth0,<incomplete> on eth0,
? (192.168.1.130) at <incomplete> on eth0,<incomplete> on eth0,
? (192.168.1.130) at <incomplete> on eth0,<incomplete> on eth0,
? (192.168.1.130) at <incomplete> on eth0,<incomplete> on eth0,
? (192.168.1.130) at <incomplete> on eth0,<incomplete> on eth0,
? (192.168.1.130) at <incomplete> on eth0,<incomplete> on eth0,
? (192.168.1.130) at <incomplete> on eth0,<incomplete> on eth0,
? (192.168.1.130) at <incomplete> on eth0,<incomplete> on eth0,
? (192.168.1.130) at <incomplete> on eth0,<incomplete> on eth0,
? (192.168.1.130) at <incomplete> on eth0,<incomplete> on eth0,
? (192.168.1.130) at <incomplete> on eth0,<incomplete> on eth0,
? (192.168.1.130) at <incomplete> on eth0,<incomplete> on eth0,
? (192.168.1.130) at <incomplete> on eth0,<incomplete> on eth0,
? (192.168.1.130) at <incomplete> on eth0,<incomplete> on eth0,
? (192.168.1.130) at <incomplete> on eth0,<incomplete> on eth0,
? (192.168.1.130) at <incomplete> on eth0,<incomplete> on eth0,
? (192.168.1.130) at <incomplete> on eth0,<incomplete> on eth0,
? (192.168.1.130) at <incomplete> on eth0,<incomplete> on eth0,
? (192.168.1.130) at <incomplete> on eth0,<incomplete> on eth0,
? (192.168.1.130) at <incomplete> on eth0,<incomplete> on eth0,
? (192.168.1.130) at <incomplete> on eth0,<incomplete> on eth0,
? (192.168.1.130) at <incomplete> on eth0,<incomplete> on eth0,
? (192.168.1.130) at <incomplete> on eth0,<incomplete> on eth0,
? (192.168.1.130) at <incomplete> on eth0,<incomplete> on eth0,
? (192.168.1.130) at <incomplete> on eth0,<incomplete> on eth0,
? (192.168.1.130) at <incomplete> on eth0,<incomplete> on eth0,
? (192.168.1.130) at <incomplete> on eth0,<incomplete> on eth0,
? (192.168.1.130) at <incomplete> on eth0,<incomplete> on eth0,
? (192.168.1.130) at <incomplete> on eth0,<incomplete> on eth0,
? (192.168.1.130) at <incomplete> on eth0,<incomplete> on eth0,
? (192.168.1.130) at <incomplete> on eth0,<incomplete> on eth0,
? (192.168.1.130) at <incomplete> on eth0,<incomplete> on eth0,
? (192.168.1.130) at <incomplete> on eth0,<incomplete> on eth0,
? (192.168.1.130) at <incomplete> on eth0,<incomplete> on eth0,
? (192.168.1.130) at <incomplete> on eth0,<incomplete> on eth0,
? (192.168.1.130) at <incomplete> on eth0,<incomplete> on eth0,
? (192.168.1.130) at <incomplete> on eth0,<incomplete> on eth0,
? (192.168.1.130) at <incomplete> on eth0,<incomplete> on eth0,
? (192.168.1.130) at <incomplete> on eth0,<incomplete> on eth0,
? (192.168.1.130) at <incomplete> on eth0,<incomplete> on eth0,
? (192.168.1.130) at <incomplete> on eth0,<incomplete> on eth0,
? (192.168.1.130) at <incomplete> on eth0,<incomplete> on eth0,
? (192.168.1.130) at <incomplete> on eth0,<incomplete> on eth0,
? (192.168.1.130) at <incomplete> on eth0,<incomplete> on eth0,
? (192.168.1.130) at <incomplete> on eth0,<incomplete> on eth0,
? (192.168.1.130) at <incomplete> on eth0,<incomplete> on eth0,
? (192.168.1.130) at <incomplete> on eth0,<incomplete> on eth0,
? (192.168.1.130) at <incomplete> on eth0,<incomplete> on eth0,
? (192.168.1.130) at <incomplete> on eth0,<incomplete> on eth0,
? (192.168.1.130) at <incomplete> on eth0,<incomplete> on eth0,
? (192.168.1.130) at <incomplete> on eth0,<incomplete> on eth0,
? (192.168.1.130) at <incomplete> on eth0,<incomplete> on eth0,
? (192.168.1.130) at <incomplete> on eth0,<incomplete> on eth0,
? (192.168.1.130) at <incomplete> on eth0,<incomplete> on eth0,
? (192.168.1.130) at <incomplete> on eth0,<incomplete> on eth0,
? (192.168.1.130) at <incomplete> on eth0,<incomplete> on eth0,
? (192.168.1.130) at <incomplete> on eth0,<incomplete> on eth0,
? (192.168.1.130) at <incomplete> on eth0,<incomplete> on eth0,
? (192.168.1.130) at <incomplete> on eth0,<incomplete> on eth0,
? (192.168.1.130) at <incomplete> on eth0,<incomplete> on eth0,
? (192.168.1.130) at <incomplete> on eth0,<incomplete> on eth0,
? (192.168.1.130) at <incomplete> on eth0,<incomplete> on eth0,
? (192.168.1.130) at <incomplete> on eth0,<incomplete> on eth0,
? (192.168.1.130) at <incomplete> on eth0,<incomplete> on eth0,
? (192.168.1.130) at <incomplete> on eth0,<incomplete> on eth0,
? (192.168.1.130) at <incomplete> on eth0,<incomplete> on eth0,
? (192.168.1.130) at <incomplete> on eth0,<incomplete> on eth0,
? (192.168.1.130) at <incomplete> on eth0,<incomplete> on eth0,
? (192.168.1.130) at <incomplete> on eth0,<incomplete> on eth0,
? (192.168.1.130) at <incomplete> on eth0,<incomplete> on eth0,
? (192.168.1.130) at <incomplete> on eth0,<incomplete> on eth0,
? (192.168.1.130) at <incomplete> on eth0,<incomplete> on eth0,
? (192.168.1.130) at <incomplete> on eth0,<incomplete> on eth0,
? (192.168.1.130) at <incomplete> on eth0,<incomplete> on eth0,
? (192.168.1.130) at <incomplete> on eth0,<incomplete> on eth0,
? (192.168.1.130) at <incomplete> on eth0,<incomplete> on eth0,
? (192.168.1.130) at <incomplete> on eth0,<incomplete> on eth0,
? (192.168.1.130) at <incomplete> on eth0,<incomplete> on eth0,
? (192.168.1.130) at <incomplete> on eth0,<incomplete> on eth0,
? (192.168.1.130) at <incomplete> on eth0,<incomplete> on eth0,
? (192.168.1.130) at <incomplete> on eth0,<incomplete> on eth0,
? (192.168.1.130) at <incomplete> on eth0,<incomplete> on eth0,
? (192.168.1.130) at <incomplete> on eth0,<incomplete> on eth0,
? (192.168.1.130) at <incomplete> on eth0,<incomplete> on eth0,
? (192.168.1.130) at <incomplete> on eth0,<incomplete> on eth0,
? (192.168.1.130) at <incomplete> on eth0,<incomplete> on eth0,
? (192.168.1.130) at <incomplete> on eth0,<incomplete> on eth0,
? (192.168.1.130) at <incomplete> on eth0,<incomplete> on eth0,
? (192.168.1.130) at <incomplete> on eth0,<incomplete> on eth0,
? (192.168.1.130) at <incomplete> on eth0,<incomplete> on eth0,
? (192.168.1.130) at <incomplete> on eth0,<incomplete> on eth0,
? (192.168.1.130) at <incomplete> on eth0,<incomplete> on eth0,
? (192.168.1.130) at <incomplete> on eth0,<incomplete> on eth0,
? (192.168.1.130) at <incomplete> on eth0,<incomplete> on eth0,
? (192.168.1.130) at <incomplete> on eth0,<incomplete> on eth0,
? (192.168.1.130) at <incomplete> on eth0,<incomplete> on eth0,
? (192.168.1.130) at <incomplete> on eth0,<incomplete> on eth0,
? (192.168.1.130) at <incomplete> on eth0,<incomplete> on eth0,
? (192.168.1.130) at <incomplete> on eth0,<incomplete> on eth0,
? (192.168.1.130) at <incomplete> on eth0,<incomplete> on eth0,
? (192.168.1.130) at <incomplete> on eth0,<incomplete> on eth0,
? (192.168.1.130) at <incomplete> on eth0,<incomplete> on eth0,
? (192.168.1.130) at <incomplete> on eth0,<incomplete> on eth0,
? (192.168.1.130) at <incomplete> on eth0,<incomplete> on eth0,
? (192.168.1.130) at <incomplete> on eth0,<incomplete> on eth0,
? (192.168.1.130) at <incomplete> on eth0,<incomplete> on eth0,
? (192.168.1.130) at <incomplete> on eth0,<incomplete> on eth0,
? (192.168.1.130) at <incomplete> on eth0,<incomplete> on eth0,
? (192.168.1.130) at <incomplete> on eth0,<incomplete> on eth0,
? (192.168.1.130) at <incomplete> on eth0,<incomplete> on eth0,
? (192.168.1.130) at <incomplete> on eth0,<incomplete> on eth0,
? (192.168.1.130) at <incomplete> on eth0,<incomplete> on eth0,
? (192.168.1.130) at <incomplete> on eth0,<incomplete> on eth0,
? (192.168.1.130) at 90:00:db:28:b1:4b [ether] on eth0,90:00:db:28:b1:4b [ether] on eth0,
? (192.168.1.130) at 90:00:db:28:b1:4b [ether] on eth0,90:00:db:28:b1:4b [ether] on eth0,
? (192.168.1.130) at 90:00:db:28:b1:4b [ether] on eth0,90:00:db:28:b1:4b [ether] on eth0,
? (192.168.1.130) at 90:00:db:28:b1:4b [ether] on eth0,90:00:db:28:b1:4b [ether] on eth0,
? (192.168.1.130) at 90:00:db:28:b1:4b [ether] on eth0,90:00:db:28:b1:4b [ether] on eth0,
? (192.168.1.130) at 90:00:db:28:b1:4b [ether] on eth0,90:00:db:28:b1:4b [ether] on eth0,
? (192.168.1.130) at 90:00:db:28:b1:4b [ether] on eth0,90:00:db:28:b1:4b [ether] on eth0,
? (192.168.1.130) at <incomplete> on eth0,<incomplete> on eth0,
? (192.168.1.130) at <incomplete> on eth0,<incomplete> on eth0,
? (192.168.1.130) at 90:00:db:28:b1:4b [ether] on eth0,90:00:db:28:b1:4b [ether] on eth0,
? (192.168.1.108) at <incomplete> on eth0,<incomplete> on eth0,
? (192.168.1.107) at c8:a8:23:b5:92:6c [ether] on eth0,c8:a8:23:b5:92:6c [ether] on eth0,
? (192.168.1.135) at f0:25:b7:42:7b:6a [ether] on eth0,f0:25:b7:42:7b:6a [ether] on eth0,
? (192.168.1.130) at 90:00:db:28:b1:4b [ether] on eth0,90:00:db:28:b1:4b [ether] on eth0,
? (192.168.1.108) at <incomplete> on eth0,<incomplete> on eth0,
? (192.168.1.107) at c8:a8:23:b5:92:6c [ether] on eth0,c8:a8:23:b5:92:6c [ether] on eth0,
? (192.168.1.135) at f0:25:b7:42:7b:6a [ether] on eth0,f0:25:b7:42:7b:6a [ether] on eth0,
? (192.168.1.130) at 90:00:db:28:b1:4b [ether] on eth0,90:00:db:28:b1:4b [ether] on eth0,
? (192.168.1.107) at c8:a8:23:b5:92:6c [ether] on eth0,c8:a8:23:b5:92:6c [ether] on eth0,
? (192.168.1.135) at <incomplete> on eth0,<incomplete> on eth0,
? (192.168.1.130) at 90:00:db:28:b1:4b [ether] on eth0,90:00:db:28:b1:4b [ether] on eth0,
? (192.168.1.107) at c8:a8:23:b5:92:6c [ether] on eth0,c8:a8:23:b5:92:6c [ether] on eth0,
? (192.168.1.135) at <incomplete> on eth0,<incomplete> on eth0,
? (192.168.1.130) at 90:00:db:28:b1:4b [ether] on eth0,90:00:db:28:b1:4b [ether] on eth0,
? (192.168.1.109) at 9c:a9:e4:b9:a2:e6 [ether] on eth0,9c:a9:e4:b9:a2:e6 [ether] on eth0,
? (192.168.1.107) at c8:a8:23:b5:92:6c [ether] on eth0,c8:a8:23:b5:92:6c [ether] on eth0,
? (192.168.1.110) at <incomplete> on eth0,<incomplete> on eth0,
? (192.168.1.135) at <incomplete> on eth0,<incomplete> on eth0,
? (192.168.1.130) at 90:00:db:28:b1:4b [ether] on eth0,90:00:db:28:b1:4b [ether] on eth0,
? (192.168.1.109) at 9c:a9:e4:b9:a2:e6 [ether] on eth0,9c:a9:e4:b9:a2:e6 [ether] on eth0,
? (192.168.1.111) at <incomplete> on eth0,<incomplete> on eth0,
? (192.168.1.130) at <incomplete> on eth0,<incomplete> on eth0,
? (192.168.1.109) at <incomplete> on eth0,<incomplete> on eth0,
? (192.168.1.109) at <incomplete> on eth0,<incomplete> on eth0,
? (192.168.1.109) at <incomplete> on eth0,<incomplete> on eth0,
? (192.168.1.109) at <incomplete> on eth0,<incomplete> on eth0,
? (192.168.1.109) at <incomplete> on eth0,<incomplete> on eth0,
? (192.168.1.109) at <incomplete> on eth0,<incomplete> on eth0,
? (192.168.1.109) at <incomplete> on eth0,<incomplete> on eth0,
? (192.168.1.109) at <incomplete> on eth0,<incomplete> on eth0,
? (192.168.1.109) at <incomplete> on eth0,<incomplete> on eth0,
? (192.168.1.109) at <incomplete> on eth0,<incomplete> on eth0,
? (192.168.1.109) at <incomplete> on eth0,<incomplete> on eth0,
? (192.168.1.109) at <incomplete> on eth0,<incomplete> on eth0,
? (192.168.1.109) at <incomplete> on eth0,<incomplete> on eth0,
? (192.168.1.109) at <incomplete> on eth0,<incomplete> on eth0,
? (192.168.1.109) at <incomplete> on eth0,<incomplete> on eth0,
? (192.168.1.109) at <incomplete> on eth0,<incomplete> on eth0,
? (192.168.1.109) at <incomplete> on eth0,<incomplete> on eth0,
? (192.168.1.109) at <incomplete> on eth0,<incomplete> on eth0,
? (192.168.1.109) at <incomplete> on eth0,<incomplete> on eth0,
? (192.168.1.109) at <incomplete> on eth0,<incomplete> on eth0,
? (192.168.1.109) at <incomplete> on eth0,<incomplete> on eth0,
? (192.168.1.109) at <incomplete> on eth0,<incomplete> on eth0,
? (192.168.1.130) at 90:00:db:28:b1:4b [ether] on eth0,90:00:db:28:b1:4b [ether] on eth0,
? (192.168.1.130) at 90:00:db:28:b1:4b [ether] on eth0,90:00:db:28:b1:4b [ether] on eth0,
? (192.168.1.130) at 90:00:db:28:b1:4b [ether] on eth0,90:00:db:28:b1:4b [ether] on eth0,
? (192.168.1.130) at <incomplete> on eth0,<incomplete> on eth0,
? (192.168.1.130) at 90:00:db:28:b1:4b [ether] on eth0,90:00:db:28:b1:4b [ether] on eth0,
? (192.168.1.130) at 90:00:db:28:b1:4b [ether] on eth0,90:00:db:28:b1:4b [ether] on eth0,
? (192.168.1.109) at 9c:a9:e4:b9:a2:e6 [ether] on eth0,9c:a9:e4:b9:a2:e6 [ether] on eth0,
? (192.168.1.130) at 90:00:db:28:b1:4b [ether] on eth0,90:00:db:28:b1:4b [ether] on eth0,
? (192.168.1.109) at 9c:a9:e4:b9:a2:e6 [ether] on eth0,9c:a9:e4:b9:a2:e6 [ether] on eth0,
? (192.168.1.130) at 90:00:db:28:b1:4b [ether] on eth0,90:00:db:28:b1:4b [ether] on eth0,
? (192.168.1.109) at 9c:a9:e4:b9:a2:e6 [ether] on eth0,9c:a9:e4:b9:a2:e6 [ether] on eth0,
? (192.168.1.130) at 90:00:db:28:b1:4b [ether] on eth0,90:00:db:28:b1:4b [ether] on eth0,
? (192.168.1.109) at 9c:a9:e4:b9:a2:e6 [ether] on eth0,9c:a9:e4:b9:a2:e6 [ether] on eth0,
? (192.168.1.130) at 90:00:db:28:b1:4b [ether] on eth0,90:00:db:28:b1:4b [ether] on eth0,
? (192.168.1.109) at 9c:a9:e4:b9:a2:e6 [ether] on eth0,9c:a9:e4:b9:a2:e6 [ether] on eth0,
? (192.168.1.130) at 90:00:db:28:b1:4b [ether] on eth0,90:00:db:28:b1:4b [ether] on eth0,
? (192.168.1.109) at 9c:a9:e4:b9:a2:e6 [ether] on eth0,9c:a9:e4:b9:a2:e6 [ether] on eth0,
? (192.168.1.130) at <incomplete> on eth0,<incomplete> on eth0,
? (192.168.1.109) at <incomplete> on eth0,<incomplete> on eth0,
? (192.168.1.130) at <incomplete> on eth0,<incomplete> on eth0,
? (192.168.1.109) at <incomplete> on eth0,<incomplete> on eth0,
? (192.168.1.130) at <incomplete> on eth0,<incomplete> on eth0,
? (192.168.1.130) at <incomplete> on eth0,<incomplete> on eth0,
? (192.168.1.130) at <incomplete> on eth0,<incomplete> on eth0,
? (192.168.1.130) at <incomplete> on eth0,<incomplete> on eth0,
? (192.168.1.130) at 90:00:db:28:b1:4b [ether] on eth0,90:00:db:28:b1:4b [ether] on eth0,
? (192.168.1.130) at 90:00:db:28:b1:4b [ether] on eth0,90:00:db:28:b1:4b [ether] on eth0,
? (192.168.1.114) at cc:29:f5:58:4f:e5 [ether] on eth0,cc:29:f5:58:4f:e5 [ether] on eth0,
? (192.168.1.113) at 80:22:75:0b:82:f3 [ether] on eth0,80:22:75:0b:82:f3 [ether] on eth0,
? (192.168.1.130) at 90:00:db:28:b1:4b [ether] on eth0,90:00:db:28:b1:4b [ether] on eth0,
? (192.168.1.114) at cc:29:f5:58:4f:e5 [ether] on eth0,cc:29:f5:58:4f:e5 [ether] on eth0,
? (192.168.1.113) at 80:22:75:0b:82:f3 [ether] on eth0,80:22:75:0b:82:f3 [ether] on eth0,
? (192.168.1.130) at 90:00:db:28:b1:4b [ether] on eth0,90:00:db:28:b1:4b [ether] on eth0,
? (192.168.1.114) at cc:29:f5:58:4f:e5 [ether] on eth0,cc:29:f5:58:4f:e5 [ether] on eth0,
? (192.168.1.113) at 80:22:75:0b:82:f3 [ether] on eth0,80:22:75:0b:82:f3 [ether] on eth0,
? (192.168.1.130) at 90:00:db:28:b1:4b [ether] on eth0,90:00:db:28:b1:4b [ether] on eth0,
? (192.168.1.114) at cc:29:f5:58:4f:e5 [ether] on eth0,cc:29:f5:58:4f:e5 [ether] on eth0,
? (192.168.1.113) at 80:22:75:0b:82:f3 [ether] on eth0,80:22:75:0b:82:f3 [ether] on eth0,
? (192.168.1.130) at 90:00:db:28:b1:4b [ether] on eth0,90:00:db:28:b1:4b [ether] on eth0,
? (192.168.1.130) at 90:00:db:28:b1:4b [ether] on eth0,90:00:db:28:b1:4b [ether] on eth0,
? (192.168.1.130) at 90:00:db:28:b1:4b [ether] on eth0,90:00:db:28:b1:4b [ether] on eth0,
? (192.168.1.130) at 90:00:db:28:b1:4b [ether] on eth0,90:00:db:28:b1:4b [ether] on eth0,
? (192.168.1.130) at <incomplete> on eth0,<incomplete> on eth0,
? (192.168.1.130) at <incomplete> on eth0,<incomplete> on eth0,
? (192.168.1.130) at <incomplete> on eth0,<incomplete> on eth0,
? (192.168.1.130) at <incomplete> on eth0,<incomplete> on eth0,
? (192.168.1.130) at <incomplete> on eth0,<incomplete> on eth0,
? (192.168.1.130) at <incomplete> on eth0,<incomplete> on eth0,
? (192.168.1.130) at <incomplete> on eth0,<incomplete> on eth0,
? (192.168.1.130) at 90:00:db:28:b1:4b [ether] on eth0,90:00:db:28:b1:4b [ether] on eth0,
? (192.168.1.130) at 90:00:db:28:b1:4b [ether] on eth0,90:00:db:28:b1:4b [ether] on eth0,
? (192.168.1.130) at 90:00:db:28:b1:4b [ether] on eth0,90:00:db:28:b1:4b [ether] on eth0,
? (192.168.1.130) at 90:00:db:28:b1:4b [ether] on eth0,90:00:db:28:b1:4b [ether] on eth0,
? (192.168.1.130) at 90:00:db:28:b1:4b [ether] on eth0,90:00:db:28:b1:4b [ether] on eth0,
? (192.168.1.130) at 90:00:db:28:b1:4b [ether] on eth0,90:00:db:28:b1:4b [ether] on eth0,
? (192.168.1.130) at 90:00:db:28:b1:4b [ether] on eth0,90:00:db:28:b1:4b [ether] on eth0,
? (192.168.1.130) at 90:00:db:28:b1:4b [ether] on eth0,90:00:db:28:b1:4b [ether] on eth0,
? (192.168.1.130) at <incomplete> on eth0,<incomplete> on eth0,
? (192.168.1.130) at <incomplete> on eth0,<incomplete> on eth0,
? (192.168.1.130) at <incomplete> on eth0,<incomplete> on eth0,
? (192.168.1.130) at <incomplete> on eth0,<incomplete> on eth0,
? (192.168.1.130) at <incomplete> on eth0,<incomplete> on eth0,
? (192.168.1.130) at <incomplete> on eth0,<incomplete> on eth0,
? (192.168.1.105) at 80:22:75:42:0e:49 [ether] on eth0,80:22:75:42:0e:49 [ether] on eth0,
? (192.168.1.130) at 90:00:db:28:b1:4b [ether] on eth0,90:00:db:28:b1:4b [ether] on eth0,
? (192.168.1.105) at <incomplete> on eth0,<incomplete> on eth0,
? (192.168.1.130) at 90:00:db:28:b1:4b [ether] on eth0,90:00:db:28:b1:4b [ether] on eth0,
? (192.168.1.105) at <incomplete> on eth0,<incomplete> on eth0,
? (192.168.1.130) at 90:00:db:28:b1:4b [ether] on eth0,90:00:db:28:b1:4b [ether] on eth0,
? (192.168.1.130) at 90:00:db:28:b1:4b [ether] on eth0,90:00:db:28:b1:4b [ether] on eth0,
? (192.168.1.116) at <incomplete> on eth0,<incomplete> on eth0,
? (192.168.1.130) at 90:00:db:28:b1:4b [ether] on eth0,90:00:db:28:b1:4b [ether] on eth0,
? (192.168.1.116) at <incomplete> on eth0,<incomplete> on eth0,
? (192.168.1.130) at 90:00:db:28:b1:4b [ether] on eth0,90:00:db:28:b1:4b [ether] on eth0,
? (192.168.1.130) at 90:00:db:28:b1:4b [ether] on eth0,90:00:db:28:b1:4b [ether] on eth0,
? (192.168.1.130) at 90:00:db:28:b1:4b [ether] on eth0,90:00:db:28:b1:4b [ether] on eth0,
? (192.168.1.130) at 90:00:db:28:b1:4b [ether] on eth0,90:00:db:28:b1:4b [ether] on eth0,
? (192.168.1.120) at c4:9a:02:18:c0:89 [ether] on eth0,c4:9a:02:18:c0:89 [ether] on eth0,
? (192.168.1.130) at <incomplete> on eth0,<incomplete> on eth0,
? (192.168.1.130) at 90:00:db:28:b1:4b [ether] on eth0,90:00:db:28:b1:4b [ether] on eth0,
? (192.168.1.101) at 58:a2:b5:9e:62:7b [ether] on eth0,58:a2:b5:9e:62:7b [ether] on eth0,
? (192.168.1.119) at <incomplete> on eth0,<incomplete> on eth0,
? (192.168.1.130) at 90:00:db:28:b1:4b [ether] on eth0,90:00:db:28:b1:4b [ether] on eth0,
? (192.168.1.101) at 58:a2:b5:9e:62:7b [ether] on eth0,58:a2:b5:9e:62:7b [ether] on eth0,
? (192.168.1.130) at 90:00:db:28:b1:4b [ether] on eth0,90:00:db:28:b1:4b [ether] on eth0,
? (192.168.1.120) at 9c:a9:e4:ed:06:7e [ether] on eth0,9c:a9:e4:ed:06:7e [ether] on eth0,
? (192.168.1.101) at 58:a2:b5:9e:62:7b [ether] on eth0,58:a2:b5:9e:62:7b [ether] on eth0,
? (192.168.1.119) at <incomplete> on eth0,<incomplete> on eth0,
? (192.168.1.130) at 90:00:db:28:b1:4b [ether] on eth0,90:00:db:28:b1:4b [ether] on eth0,
? (192.168.1.120) at <incomplete> on eth0,<incomplete> on eth0,
? (192.168.1.101) at <incomplete> on eth0,<incomplete> on eth0,
? (192.168.1.130) at <incomplete> on eth0,<incomplete> on eth0,
? (192.168.1.120) at <incomplete> on eth0,<incomplete> on eth0,
? (192.168.1.101) at <incomplete> on eth0,<incomplete> on eth0,
? (192.168.1.130) at 90:00:db:28:b1:4b [ether] on eth0,90:00:db:28:b1:4b [ether] on eth0,
? (192.168.1.130) at 90:00:db:28:b1:4b [ether] on eth0,90:00:db:28:b1:4b [ether] on eth0,
? (192.168.1.130) at 90:00:db:28:b1:4b [ether] on eth0,90:00:db:28:b1:4b [ether] on eth0,
? (192.168.1.130) at 90:00:db:28:b1:4b [ether] on eth0,90:00:db:28:b1:4b [ether] on eth0,
